<?xml version="1.0" encoding="UTF-8"?>
<project-private xmlns="http://www.netbeans.org/ns/project-private/1">
    <editor-bookmarks xmlns="http://www.netbeans.org/ns/editor-bookmarks/2" lastBookmarkId="0"/>
    <open-files xmlns="http://www.netbeans.org/ns/projectui-open-files/2">
        <group>
            <file>file:/D:/OFFICE/YOAN/proyectos/GraphMax/src/graph/Graph.java</file>
            <file>file:/D:/OFFICE/YOAN/proyectos/GraphMax/src/graph/GraphNode.java</file>
            <file>file:/D:/OFFICE/YOAN/proyectos/GraphMax/src/graphmax/visual.java</file>
            <file>file:/D:/OFFICE/YOAN/proyectos/GraphMax/src/graphmax/GraphView.java</file>
            <file>file:/D:/OFFICE/YOAN/proyectos/GraphMax/src/graph/GraphLoader.java</file>
            <file>file:/D:/OFFICE/YOAN/proyectos/GraphMax/src/graph/GraphLink.java</file>
            <file>file:/D:/OFFICE/YOAN/proyectos/GraphMax/src/graph/TreePath.java</file>
            <file>file:/D:/OFFICE/YOAN/proyectos/GraphMax/src/graph/Path.java</file>
            <file>file:/D:/OFFICE/YOAN/proyectos/GraphMax/src/graphmax/Help.java</file>
        </group>
    </open-files>
</project-private>
